ss,article,name,value,score
ss_283759,Jeans and jeggings,category,apparel,0.9982817
ss_283759,Jeans and jeggings,apparel,lower_body_garment,0.9913137
ss_283759,Jeans and jeggings,lower_body_garment,jeans,0.9571823
ss_283759,Jeans and jeggings,product_pattern,solid,0.9439504
ss_283759,Jeans and jeggings,denim_wash_color,light,0.8620234
ss_283759,Jeans and jeggings,pants_fit_type,straight_loose,0.6524074
ss_283759,Jeans and jeggings,product_color,blue,0.5942406
ss_283759,Jeans and jeggings,lower_body_length,calf_length,0.5709345
ss_283759,Jeans and jeggings,rise_type,mid_rise,0.2817308
ss_283759,Jeans and jeggings,category,apparel,0.9997248
ss_283759,Outerwear,category,apparel,0.9997248
ss_283759,Outerwear,apparel,upper_body_garment,0.9928818
ss_283759,Outerwear,sleeve_style,straight,0.9725022
ss_283759,Outerwear,upper_body_length,regular,0.8838700
ss_283759,Outerwear,upper_body_garment,top,0.8812867
ss_283759,Outerwear,neckline,funnel_neck,0.8689328
ss_283759,Outerwear,sleeve_length,long,0.8089560
ss_283759,Outerwear,closure_type,pullover,0.5634032
ss_283759,Outerwear,product_color,black,0.5583768
ss_283759,Outerwear,product_pattern,solid,0.4792090
ss_283759,Footwear,toe_type,closed_toe,0.9990827
ss_283759,Footwear,category,footwear,0.9920560
ss_283759,Footwear,footwear,boots,0.9880656
ss_283759,Footwear,product_pattern,solid,0.9036689
ss_283759,Footwear,boots,knee_high_boots,0.6787524
ss_283759,Footwear,heel_type,chunky,0.6757371
ss_283759,Footwear,toe_shape,pointed,0.4994346
ss_283759,Footwear,heel_height,mid,0.4464183
ss_283759,Footwear,product_color,black,0.2366971
ss_300070,Trousers,pants_fit_type,wide_leg,0.9963289
ss_300070,Trousers,category,apparel,0.9839900
ss_300070,Trousers,apparel,lower_body_garment,0.9167446
ss_300070,Trousers,product_pattern,plaid,0.9025115
ss_300070,Trousers,lower_body_garment,pants,0.7578457
ss_300070,Trousers,product_color,multi,0.7260503
ss_300070,Trousers,lower_body_length,full_length,0.6306562
ss_300070,Trousers,pants_type,straight_leg_pants,0.3442748
ss_300070,Tops,sleeve_length,long,0.9993116
ss_300070,Tops,category,apparel,0.9912671
ss_300070,Tops,sleeve_style,straight,0.9203449
ss_300070,Tops,apparel,upper_body_garment,0.8475885
ss_300070,Tops,product_pattern,plaid,0.8433813
ss_300070,Tops,neckline,funnel_neck,0.8361483
ss_300070,Tops,closure_type,pullover,0.7721846
ss_300070,Tops,upper_body_length,regular,0.7705817
ss_300070,Tops,product_color,black,0.6949813
ss_300070,Tops,upper_body_garment,top,0.5592920
ss_300070,Footwear,category,footwear,0.8321653
ss_300070,Footwear,product_pattern,solid,0.7537677
ss_300070,Footwear,footwear,sandals,0.5942040
ss_300070,Footwear,product_color,black,0.5263310
ss_300070,Footwear,heel_type,other,0.4585654
ss_300070,Footwear,heel_height,low,0.4049615
ss_300070,Footwear,sandal_type,ankle_strap_sandals,0.2184455
ss_300070,Footwear,sandals,flat_sandals,0.1756428
ss_291488,Tops,category,apparel,0.9994479
ss_291488,Tops,apparel,upper_body_garment,0.9868079
ss_291488,Tops,upper_body_length,regular,0.9423732
ss_291488,Tops,upper_body_garment,top,0.9003478
ss_291488,Tops,sleeve_length,long,0.8847363
ss_291488,Tops,product_pattern,solid,0.8816249
ss_291488,Tops,sleeve_style,straight,0.8160641
ss_291488,Tops,closure_type,pullover,0.7311056
ss_291488,Tops,neckline,turtleneck,0.4031880
ss_291488,Tops,product_color,black,0.3065476
ss_291488,Jeans,lower_body_length,full_length,0.9973634
ss_291488,Jeans,category,apparel,0.9972475
ss_291488,Jeans,apparel,lower_body_garment,0.9898459
ss_291488,Jeans,lower_body_garment,jeans,0.9445006
ss_291488,Jeans,pants_fit_type,skinny,0.9259840
ss_291488,Jeans,product_color,grey,0.7024514
ss_291488,Jeans,denim_wash_color,medium,0.4653141
ss_291488,Jeans,product_pattern,solid,0.4597313
ss_291488,Jeans,rise_type,high_rise,0.3460675
ss_291488,Footwear,category,footwear,0.9527575
ss_291488,Footwear,product_pattern,solid,0.6289055
ss_291488,Footwear,shoe_closure,lace,0.5923778
ss_291488,Footwear,footwear,sneakers,0.4143179
ss_291488,Footwear,sneakers,lifestyle_sneakers,0.3182000
ss_291488,Footwear,product_color,grey,0.1986908
ss_276952,Tops,sleeve_length,three_quarter,0.9998268
ss_276952,Tops,upper_body_length,regular,0.9979782
ss_276952,Tops,category,apparel,0.9924327
ss_276952,Tops,product_pattern,solid,0.9848045
ss_276952,Tops,apparel,upper_body_garment,0.9545230
ss_276952,Tops,sleeve_style,straight,0.9190851
ss_276952,Tops,product_color,black,0.6430897
ss_276952,Tops,upper_body_garment,blouse,0.5943682
ss_276952,Tops,neckline,funnel_neck,0.2268528
ss_276952,Jeans,lower_body_length,full_length,0.9737368
ss_276952,Jeans,category,apparel,0.9660599
ss_276952,Jeans,product_pattern,solid,0.7892151
ss_276952,Jeans,apparel,full_body_garment,0.5193846
ss_276952,Jeans,product_color,blue,0.4068140
ss_276952,Jeans,full_body_garment,dungaree,0.3097164
ss_276952,Jeans,neckline,collar,0.0905837
ss_276952,Bags,category,bag,0.7470940
ss_276952,Bags,bag,shoulder_bag_totes,0.7244143
ss_276952,Bags,product_color,multi,0.6109873
ss_276952,Bags,product_pattern,floral,0.5439701
ss_276952,Bags,top_handle_bag,0.1675050
ss_276952,Footwear,toe_type,closed_toe,0.9526505
ss_276952,Footwear,category,footwear,0.9042585
ss_276952,Footwear,footwear,boots,0.7658834
ss_276952,Footwear,product_pattern,solid,0.6796520
ss_276952,Footwear,heel_type,other,0.5421091
ss_276952,Footwear,boots,ankle_boots,0.4642057
ss_276952,Footwear,heel_height,flat,0.4104218
ss_276952,Footwear,toe_shape,pointed,0.4091051
ss_276952,Footwear,product_color,black,0.2616335
ss_266662,Tops,category,apparel,0.9881811
ss_266662,Tops,upper_body_length,crop,0.9665268
ss_266662,Tops,sleeve_length,three_quarter,0.9529429
ss_266662,Tops,sleeve_style,straight,0.9032032
ss_266662,Tops,apparel,upper_body_garment,0.8997462
ss_266662,Tops,neckline,funnel_neck,0.7259607
ss_266662,Tops,product_pattern,solid,0.7204069
ss_266662,Tops,upper_body_garment,top,0.4999889
ss_266662,Tops,closure_type,pullover,0.4727190
ss_266662,Tops,product_color,brown,0.4485498
ss_266662,Trousers,lower_body_length,full_length,0.9968414
ss_266662,Trousers,category,apparel,0.9912159
ss_266662,Trousers,apparel,lower_body_garment,0.9648648
ss_266662,Trousers,pants_fit_type,wide_leg,0.8257562
ss_266662,Trousers,lower_body_garment,pants,0.7333789
ss_266662,Trousers,product_pattern,solid,0.7294272
ss_266662,Trousers,product_color,white,0.6744403
ss_266662,Trousers,rise_type,high_rise,0.3403450
ss_266662,Trousers,pants_type,straight_leg_pants,0.3288721
ss_266662,Footwear,category,footwear,0.9975985
ss_266662,Footwear,footwear,sandals,0.9932048
ss_266662,Footwear,sandals,flat_sandals,0.9520367
ss_266662,Footwear,heel_type,other,0.9131258
ss_266662,Footwear,heel_height,flat,0.8315681
ss_266662,Footwear,product_pattern,solid,0.4192333
ss_266662,Footwear,shoe_decoration,studded_decoration,0.3739772
ss_266662,Footwear,product_color,black,0.3039033
ss_266662,Footwear,sandal_type,t_bar_sandals,0.2872523
ss_281037,Tops,sleeve_length,three_quarter,0.9804341
ss_281037,Tops,category,apparel,0.9665257
ss_281037,Tops,product_pattern,solid,0.8389236
ss_281037,Tops,apparel,upper_body_garment,0.8015690
ss_281037,Tops,product_color,black,0.7529800
ss_281037,Tops,sleeve_style,cold_shoulder,0.5425521
ss_281037,Tops,upper_body_length,regular,0.4852124
ss_281037,Tops,neckline,funnel_neck,0.4845613
ss_281037,Tops,upper_body_garment,top,0.3895310
ss_281037,Tops,closure_type,double_breasted,0.3827699
ss_281037,Bags,category,bag,0.9913816
ss_281037,Bags,bag,shoulder_bag_totes,0.9885945
ss_281037,Bags,shoulder_bag_totes,top_handle_bag,0.6275534
ss_281037,Bags,product_pattern,solid,0.5083135
ss_281037,Bags,product_color,black,0.2517253
ss_281037,Trousers,product_pattern,plaid,0.6553651
ss_281037,Trousers,product_color,grey,0.3041646
ss_281037,Trousers,shoulder_bag_totes,top_handle_bag,0.2627812
ss_281037,Footwear,category,footwear,0.9984598
ss_281037,Footwear,heel_type,chunky,0.9914114
ss_281037,Footwear,toe_type,closed_toe,0.9878526
ss_281037,Footwear,footwear,boots,0.9809442
ss_281037,Footwear,boots,ankle_boots,0.9761572
ss_281037,Footwear,product_pattern,solid,0.6988071
ss_281037,Footwear,toe_shape,round,0.5888039
ss_281037,Footwear,heel_height,mid,0.5356273
ss_281037,Footwear,shoe_decoration,bow_decoration,0.2459379
ss_281037,Footwear,product_color,black,0.2170451
ss_279293,Trousers,lower_body_length,calf_length,0.9998336
ss_279293,Trousers,pants_fit_type,wide_leg,0.9997330
ss_279293,Trousers,category,apparel,0.9905007
ss_279293,Trousers,apparel,lower_body_garment,0.9683744
ss_279293,Trousers,pants_type,culottes_pants,0.8905515
ss_279293,Trousers,product_color,blue,0.7033757
ss_279293,Trousers,rise_type,high_rise,0.5267001
ss_279293,Trousers,product_pattern,solid,0.4938837
ss_279293,Trousers,lower_body_garment,pants,0.4843496
ss_279293,Footwear,toe_type,closed_toe,0.9999975
ss_279293,Footwear,category,footwear,0.9780427
ss_279293,Footwear,toe_shape,round,0.9451113
ss_279293,Footwear,footwear,boots,0.9066621
ss_279293,Footwear,boots,ankle_boots,0.7643974
ss_279293,Footwear,heel_height,flat,0.6355952
ss_279293,Footwear,product_pattern,solid,0.5488747
ss_279293,Footwear,heel_type,other,0.5238599
ss_279293,Footwear,product_color,red,0.4831754
ss_279293,Outerwear,category,apparel,0.9969811
ss_279293,Outerwear,apparel,upper_body_garment,0.9380065
ss_279293,Outerwear,sleeve_length,long,0.9299129
ss_279293,Outerwear,upper_body_garment,top,0.7930270
ss_279293,Outerwear,neckline,crew_neck,0.7390126
ss_279293,Outerwear,product_color,blue,0.5829853
ss_279293,Outerwear,sleeve_style,bell_sleeve,0.5699089
ss_279293,Outerwear,upper_body_length,regular,0.5045159
ss_279293,Outerwear,product_pattern,solid,0.4319900
ss_285196,Outerwear,upper_body_length,crop,0.9956635
ss_285196,Outerwear,category,apparel,0.9817029
ss_285196,Outerwear,sleeve_length,sleeveless,0.9736217
ss_285196,Outerwear,apparel,upper_body_garment,0.7900860
ss_285196,Outerwear,sleeve_style,flared,0.6056418
ss_285196,Outerwear,neckline,funnel_neck,0.5837521
ss_285196,Outerwear,product_color,pink,0.5442062
ss_285196,Outerwear,upper_body_garment,blouse,0.4745080
ss_285196,Outerwear,product_pattern,solid,0.4378133
ss_285196,Jeans,category,apparel,0.9970717
ss_285196,Jeans,apparel,lower_body_garment,0.9851109
ss_285196,Jeans,lower_body_length,full_length,0.9766771
ss_285196,Jeans,pants_fit_type,wide_leg,0.9573613
ss_285196,Jeans,lower_body_garment,jeans,0.9489732
ss_285196,Jeans,product_pattern,solid,0.8357089
ss_285196,Jeans,product_color,blue,0.5575093
ss_285196,Jeans,denim_wash_color,dark,0.5316675
ss_285196,Jeans,rise_type,low_rise,0.3706980
ss_285196,Bags,category,bag,0.9922879
ss_285196,Bags,bag,shoulder_bag_totes,0.9900396
ss_285196,Bags,shoulder_bag_totes,top_handle_bag,0.8803287
ss_285196,Bags,product_pattern,other,0.4918925
ss_285196,Bags,product_color,blue,0.4627528
ss_285196,Footwear,toe_type,closed_toe,0.9999961
ss_285196,Footwear,category,footwear,0.9922804
ss_285196,Footwear,footwear,shoes,0.9713694
ss_285196,Footwear,toe_shape,pointed,0.9626055
ss_285196,Footwear,shoes,flat_shoes,0.9105422
ss_285196,Footwear,product_pattern,solid,0.8728951
ss_285196,Footwear,shoe_closure,slip_on,0.7868260
ss_285196,Footwear,heel_type,other,0.7319819
ss_285196,Footwear,heel_height,low,0.4213662
ss_285196,Footwear,shoe_type,ballerinas,0.3384123
ss_285196,Footwear,product_color,grey,0.3021808
ss_261514,Outerwear,sleeve_length,long,0.9999249
ss_261514,Outerwear,category,apparel,0.9919406
ss_261514,Outerwear,upper_body_length,regular,0.8722007
ss_261514,Outerwear,apparel,upper_body_garment,0.8279673
ss_261514,Outerwear,neckline,funnel_neck,0.5379717
ss_261514,Outerwear,sleeve_style,bell_sleeve,0.4765320
ss_261514,Outerwear,product_pattern,animal_print,0.4374507
ss_261514,Outerwear,upper_body_garment,sweater,0.3695577
ss_261514,Outerwear,sweater_style,ruffle,0.2847782
ss_261514,Outerwear,product_color,white,0.2622210
ss_261514,Jeans,lower_body_length,full_length,0.9999584
ss_261514,Jeans,pants_fit_type,skinny,0.9871281
ss_261514,Jeans,product_pattern,solid,0.8294120
ss_261514,Jeans,category,apparel,0.7847313
ss_261514,Jeans,apparel,lower_body_garment,0.6929386
ss_261514,Jeans,denim_wash_color,dark,0.5580974
ss_261514,Jeans,product_color,blue,0.4727196
ss_261514,Jeans,lower_body_garment,jeans,0.4472790
ss_261514,Bags,category,bag,0.9954535
ss_261514,Bags,bag,shoulder_bag_totes,0.9919457
ss_261514,Bags,product_color,silver,0.9760923
ss_261514,Bags,shoulder_bag_totes,crossbody_bag,0.8147915
ss_261514,Bags,product_pattern,stripes,0.5746673
ss_261514,Footwear,toe_type,closed_toe,0.9992527
ss_261514,Footwear,product_pattern,solid,0.9345998
ss_261514,Footwear,heel_type,other,0.9236208
ss_261514,Footwear,heel_height,flat,0.8342571
ss_261514,Footwear,category,footwear,0.7669182
ss_261514,Footwear,shoe_closure,slip_on,0.6530095
ss_261514,Footwear,toe_shape,pointed,0.6366760
ss_261514,Footwear,footwear,shoes,0.5884798
ss_261514,Footwear,shoes,flat_shoes,0.5172821
ss_261514,Footwear,shoe_decoration,tassel_fringe_decoration,0.3873695
ss_261514,Footwear,shoe_type,loafer_shoes,0.2328489
ss_261514,Footwear,product_color,black,0.2124607
ss_262730,Tops,category,apparel,0.9848651
ss_262730,Tops,closure_type,button,0.9723032
ss_262730,Tops,upper_body_length,crop,0.9487658
ss_262730,Tops,apparel,upper_body_garment,0.9415753
ss_262730,Tops,sleeve_length,three_quarter,0.9250687
ss_262730,Tops,product_pattern,ombre,0.9035669
ss_262730,Tops,sleeve_style,straight,0.9010018
ss_262730,Tops,neckline,v_neck,0.7769075
ss_262730,Tops,product_color,white,0.7337727
ss_262730,Tops,upper_body_garment,blouse,0.6386091
ss_262730,Jeans,category,apparel,0.9987290
ss_262730,Jeans,apparel,lower_body_garment,0.9883810
ss_262730,Jeans,lower_body_garment,jeans,0.9706021
ss_262730,Jeans,denim_wash_color,dark,0.9406367
ss_262730,Jeans,product_pattern,solid,0.8410884
ss_262730,Jeans,product_color,blue,0.8370343
ss_262730,Jeans,lower_body_length,full_length,0.8205500
ss_262730,Jeans,pants_fit_type,wide_leg,0.6862643
ss_262730,Jeans,rise_type,mid_rise,0.3030676
ss_262730,Footwear,category,footwear,0.9384177
ss_262730,Footwear,footwear,sneakers,0.7780848
ss_262730,Footwear,shoe_closure,lace,0.7379119
ss_262730,Footwear,sneakers,lifestyle_sneakers,0.7070094
ss_262730,Footwear,product_pattern,solid,0.6473736
ss_262730,Footwear,product_color,white,0.6226182
ss_262941,Jeans,lower_body_length,full_length,0.9999236
ss_262941,Jeans,category,apparel,0.9884346
ss_262941,Jeans,apparel,lower_body_garment,0.9470022
ss_262941,Jeans,denim_wash_color,dark,0.8771946
ss_262941,Jeans,lower_body_garment,jeans,0.8611408
ss_262941,Jeans,product_pattern,solid,0.8327175
ss_262941,Jeans,product_color,blue,0.7657124
ss_262941,Jeans,pants_fit_type,straight_loose,0.4740385
ss_262941,Jeans,rise_type,high_rise,0.2577885
ss_262941,Tops,category,apparel,0.9672149
ss_262941,Tops,upper_body_length,crop,0.9659905
ss_262941,Tops,sleeve_length,sleeveless,0.9549639
ss_262941,Tops,product_color,white,0.7886313
ss_262941,Tops,apparel,upper_body_garment,0.7763042
ss_262941,Tops,neckline,halter_neck,0.6888791
ss_262941,Tops,product_pattern,other,0.5951498
ss_262941,Tops,closure_type,button,0.5609040
ss_262941,Tops,upper_body_garment,top,0.5264103
ss_262941,Bags,category,bag,0.9498240
ss_262941,Bags,bag,shoulder_bag_totes,0.9282985
ss_262941,Bags,product_color,multi,0.5250270
ss_262941,Bags,product_pattern,solid,0.3575053
ss_262941,Bags,shoulder_bag_totes,hobo_bag,0.3126583
ss_262941,Sunglasses,category,accessory,0.9800544
ss_262941,Sunglasses,accessory,eyewear,0.9770190
ss_262941,Footwear,toe_type,closed_toe,0.9999911
ss_262941,Footwear,category,footwear,0.9830798
ss_262941,Footwear,footwear,shoes,0.9558833
ss_262941,Footwear,toe_shape,pointed,0.9479020
ss_262941,Footwear,shoes,flat_shoes,0.9235424
ss_262941,Footwear,heel_type,other,0.9232939
ss_262941,Footwear,shoe_closure,slip_on,0.5789195
ss_262941,Footwear,heel_height,flat,0.5083131
ss_262941,Footwear,shoe_type,ballerinas,0.4580989
ss_262941,Footwear,product_pattern,solid,0.3015955
ss_262941,Footwear,product_color,beige,0.1559578
ss_272091,Jeans,lower_body_length,full_length,0.9997409
ss_272091,Jeans,category,apparel,0.9769581
ss_272091,Jeans,apparel,lower_body_garment,0.9009749
ss_272091,Jeans,denim_wash_color,dark,0.8480844
ss_272091,Jeans,product_pattern,solid,0.8168736
ss_272091,Jeans,product_color,blue,0.7176620
ss_272091,Jeans,lower_body_garment,jeans,0.5910148
ss_272091,Jeans,pants_fit_type,skinny,0.4976316
ss_272091,Jeans,rise_type,mid_rise,0.2896149
ss_272091,Tops,category,apparel,0.9812176
ss_272091,Tops,product_pattern,solid,0.9113623
ss_272091,Tops,sleeve_style,straight,0.8581303
ss_272091,Tops,upper_body_length,thigh_length,0.6229591
ss_272091,Tops,closure_type,zip,0.6193360
ss_272091,Tops,sleeve_length,long,0.5580609
ss_272091,Tops,product_color,black,0.3917993
ss_272091,Tops,apparel,upper_body_garment,0.3891977
ss_272091,Tops,upper_body_garment,top,0.2696584
ss_272091,Tops,neckline,v_neck,0.2556153
ss_272091,Footwear,category,shoes,0.7122796
ss_272091,Footwear,product_pattern,geometric,0.6944051
ss_272091,Footwear,product_color,black,0.5469588
ss_298433,Outerwear,sleeve_length,sleeveless,0.9965855
ss_298433,Outerwear,category,apparel,0.9912302
ss_298433,Outerwear,product_pattern,solid,0.9645793
ss_298433,Outerwear,apparel,upper_body_garment,0.9531257
ss_298433,Outerwear,upper_body_length,crop,0.9272407
ss_298433,Outerwear,product_color,red,0.8223640
ss_298433,Outerwear,upper_body_garment,tank_top,0.7267531
ss_298433,Outerwear,closure_type,zip,0.6692911
ss_298433,Outerwear,sleeve_style,shoulder_strap,0.5949468
ss_298433,Outerwear,neckline,scoop,0.5501284
ss_298433,Jeans,category,apparel,0.9877266
ss_298433,Jeans,lower_body_length,full_length,0.9763004
ss_298433,Jeans,pants_fit_type,straight_loose,0.9214724
ss_298433,Jeans,apparel,lower_body_garment,0.8771558
ss_298433,Jeans,lower_body_garment,jeans,0.7820272
ss_298433,Jeans,product_pattern,solid,0.7191930
ss_298433,Jeans,denim_wash_color,dark,0.6044299
ss_298433,Jeans,rise_type,low_rise,0.4008377
ss_298433,Jeans,product_color,blue,0.3647323
ss_298433,Bags,category,bag,0.9916456
ss_298433,Bags,bag,shoulder_bag_totes,0.9856601
ss_298433,Bags,product_color,multi,0.5898131
ss_298433,Bags,shoulder_bag_totes,crossbody_bag,0.5827242
ss_298433,Bags,product_pattern,other,0.4931863
ss_298433,Footwear,product_pattern,solid,0.8786500
ss_298433,Footwear,product_color,pink,0.6183931
ss_271318,Jeans,lower_body_length,full_length,0.9976079
ss_271318,Jeans,category,apparel,0.9784972
ss_271318,Jeans,apparel,lower_body_garment,0.8956754
ss_271318,Jeans,lower_body_garment,jeans,0.7741507
ss_271318,Jeans,denim_wash_color,dark,0.7122736
ss_271318,Jeans,pants_fit_type,straight_loose,0.5504298
ss_271318,Jeans,product_color,blue,0.3897400
ss_271318,Jeans,product_pattern,other,0.3888267
ss_271318,Jeans,rise_type,low_rise,0.2978918
ss_271318,Outerwear,category,apparel,0.9930420
ss_271318,Outerwear,sleeve_length,long,0.9401051
ss_271318,Outerwear,apparel,outerwear,0.8039106
ss_271318,Outerwear,upper_body_length,crop,0.7779465
ss_271318,Outerwear,outerwear,cardigan,0.7272922
ss_271318,Outerwear,product_color,beige,0.3422594
ss_271318,Outerwear,product_pattern,solid,0.2920536
ss_271318,Outerwear,neckline,crew_neck,0.2179849
ss_315719,Outerwear,sleeve_length,short,0.9999093
ss_315719,Outerwear,category,apparel,0.9733544
ss_315719,Outerwear,closure_type,pullover,0.9603698
ss_315719,Outerwear,apparel,upper_body_garment,0.9390907
ss_315719,Outerwear,product_pattern,dotted,0.8709809
ss_315719,Outerwear,upper_body_length,crop,0.8120853
ss_315719,Outerwear,neckline,crew_neck,0.8076151
ss_315719,Outerwear,sleeve_style,bell_sleeve,0.6474689
ss_315719,Outerwear,product_color,white,0.6344278
ss_315719,Outerwear,upper_body_garment,blouse,0.4355730
ss_315719,Shorts,lower_body_length,thigh_length,0.9999343
ss_315719,Shorts,category,apparel,0.9997047
ss_315719,Shorts,apparel,lower_body_garment,0.9981405
ss_315719,Shorts,lower_body_garment,shorts,0.9895070
ss_315719,Shorts,shorts_type,denim_shorts,0.9885918
ss_315719,Shorts,product_color,blue,0.7365699
ss_315719,Shorts,product_pattern,solid,0.6414984
ss_315719,Shorts,rise_type,mid_rise,0.3365222
ss_315719,Footwear,category,footwear,0.9973693
ss_315719,Footwear,footwear,sandals,0.9902952
ss_315719,Footwear,sandals,flat_sandals,0.9257183
ss_315719,Footwear,heel_type,other,0.8340955
ss_315719,Footwear,product_pattern,solid,0.8156893
ss_315719,Footwear,heel_height,flat,0.7625996
ss_315719,Footwear,sandal_type,slider_sandals,0.1963961
ss_315719,Footwear,product_color,brown,0.1216172
ss_315719,Sunglasses,category,accessory,0.3793333
ss_315719,Sunglasses,accessory,eyewear,0.2991664
ss_295160,Shirts,sleeve_length,three_quarter,0.9954785
ss_295160,Shirts,category,apparel,0.9817442
ss_295160,Shirts,product_pattern,stripes,0.9796357
ss_295160,Shirts,sleeve_style,other,0.8251293
ss_295160,Shirts,apparel,upper_body_garment,0.7990716
ss_295160,Shirts,product_color,multi,0.5836639
ss_295160,Shirts,upper_body_length,regular,0.5832126
ss_295160,Shirts,upper_body_garment,shirt,0.4064347
ss_295160,Shirts,neckline,v_neck,0.3534524
ss_295160,Shorts,category,apparel,0.9965227
ss_295160,Shorts,lower_body_length,thigh_length,0.9953426
ss_295160,Shorts,apparel,lower_body_garment,0.9829530
ss_295160,Shorts,product_pattern,solid,0.9758171
ss_295160,Shorts,lower_body_garment,shorts,0.9711181
ss_295160,Shorts,shorts_type,denim_shorts,0.9208640
ss_295160,Shorts,product_color,blue,0.8431601
ss_295160,Shorts,rise_type,high_rise,0.3995639
ss_295160,Bags,product_color,brown,0.6660181
ss_295160,Bags,category,bag,0.5526648
ss_295160,Bags,bag,shoulder_bag_totes,0.5349455
ss_295160,Bags,product_pattern,camouflage,0.4565822
ss_295160,Bags,shoulder_bag_totes,top_handle_bag,0.2388861
ss_295160,Footwear,category,footwear,0.9989822
ss_295160,Footwear,footwear,sandals,0.9981936
ss_295160,Footwear,sandals,flat_sandals,0.9824192
ss_295160,Footwear,heel_type,other,0.9431589
ss_295160,Footwear,heel_height,flat,0.8445705
ss_295160,Footwear,product_pattern,solid,0.5040520
ss_295160,Footwear,sandal_type,flip_flops,0.2999887
ss_295160,Footwear,product_color,green,0.2083526
ss_261821,Shorts,lower_body_length,thigh_length,0.9999733
ss_261821,Shorts,category,apparel,0.9988807
ss_261821,Shorts,apparel,lower_body_garment,0.9936064
ss_261821,Shorts,shorts_type,denim_shorts,0.9932572
ss_261821,Shorts,lower_body_garment,shorts,0.9827458
ss_261821,Shorts,product_pattern,solid,0.9194748
ss_261821,Shorts,product_color,blue,0.6623176
ss_261821,Shorts,rise_type,mid_rise,0.3323025
ss_261821,Shorts,sleeve_length,short,0.9999615
ss_261821,Shirts,category,apparel,0.9871472
ss_261821,Shirts,apparel,upper_body_garment,0.9477201
ss_261821,Shirts,closure_type,pullover,0.9374247
ss_261821,Shirts,product_pattern,text,0.9054368
ss_261821,Shirts,neckline,round_neck,0.7776706
ss_261821,Shirts,sleeve_style,capped,0.7726449
ss_261821,Shirts,upper_body_garment,t_shirt,0.7530252
ss_261821,Shirts,upper_body_length,regular,0.6559760
ss_261821,Shirts,product_color,grey,0.6238847
ss_261821,Footwear,category,footwear,0.9334804
ss_261821,Footwear,footwear,sneakers,0.8123507
ss_261821,Footwear,shoe_closure,lace,0.7544772
ss_261821,Footwear,sneakers,performance_sneakers,0.5068385
ss_261821,Footwear,product_pattern,solid,0.4033535
ss_261821,Footwear,product_color,green,0.2548811
ss_274738,Shirts,sleeve_length,short,0.9976571
ss_274738,Shirts,category,apparel,0.9929052
ss_274738,Shirts,apparel,upper_body_garment,0.9772309
ss_274738,Shirts,upper_body_length,regular,0.9344269
ss_274738,Shirts,sleeve_style,straight,0.9237605
ss_274738,Shirts,product_pattern,big_graphic,0.8702059
ss_274738,Shirts,upper_body_garment,t_shirt,0.8590047
ss_274738,Shirts,closure_type,pullover,0.8194172
ss_274738,Shirts,neckline,crew_neck,0.8107938
ss_274738,Shirts,product_color,multi,0.6470742
ss_274738,Shorts,lower_body_length,thigh_length,0.9989493
ss_274738,Shorts,category,apparel,0.9977317
ss_274738,Shorts,shorts_type,denim_shorts,0.9965804
ss_274738,Shorts,apparel,lower_body_garment,0.9800704
ss_274738,Shorts,lower_body_garment,shorts,0.9558248
ss_274738,Shorts,product_pattern,solid,0.6968052
ss_274738,Shorts,product_color,blue,0.5660778
ss_274738,Shorts,rise_type,mid_rise,0.3995272
ss_274829,Tops,upper_body_length,crop,0.9986616
ss_274829,Tops,sleeve_length,sleeveless,0.9914962
ss_274829,Tops,category,apparel,0.9812241
ss_274829,Tops,apparel,upper_body_garment,0.9351590
ss_274829,Tops,product_pattern,solid,0.8120479
ss_274829,Tops,product_color,blue,0.4337009
ss_274829,Tops,upper_body_garment,top,0.4057185
ss_274829,Tops,neckline,halter_neck,0.3897969
ss_274829,Tops,closure_type,button,0.3817253
ss_274829,Tops,sleeve_style,capped,0.3609743
ss_274829,Shorts,lower_body_length,thigh_length,0.9996655
ss_274829,Shorts,shorts_type,denim_shorts,0.9987184
ss_274829,Shorts,category,apparel,0.9979047
ss_274829,Shorts,apparel,lower_body_garment,0.9862349
ss_274829,Shorts,lower_body_garment,shorts,0.9747375
ss_274829,Shorts,product_pattern,solid,0.8355291
ss_274829,Shorts,product_color,blue,0.7276291
ss_274829,Shorts,rise_type,low_rise,0.3300876
ss_274829,Footwear,category,footwear,0.9685718
ss_274829,Footwear,product_pattern,solid,0.8179778
ss_274829,Footwear,product_color,white,0.7242712
ss_274829,Footwear,footwear,sneakers,0.7180610
ss_274829,Footwear,shoe_closure,lace,0.5383878
ss_274829,Footwear,sneakers,lifestyle_sneakers,0.4922042
ss_280415,Shorts,lower_body_length,thigh_length,0.9998605
ss_280415,Shorts,category,apparel,0.9963996
ss_280415,Shorts,shorts_type,denim_shorts,0.9912060
ss_280415,Shorts,apparel,lower_body_garment,0.9754348
ss_280415,Shorts,lower_body_garment,shorts,0.9670059
ss_280415,Shorts,product_color,blue,0.7700673
ss_280415,Shorts,product_pattern,solid,0.6865664
ss_280415,Shorts,rise_type,low_rise,0.3594787
ss_280415,Tops,category,apparel,0.9816563
ss_280415,Tops,apparel,upper_body_garment,0.9419913
ss_280415,Tops,upper_body_length,crop,0.9243197
ss_280415,Tops,sleeve_length,sleeveless,0.8613517
ss_280415,Tops,closure_type,button,0.6942197
ss_280415,Tops,sleeve_style,capped,0.6675708
ss_280415,Tops,upper_body_garment,top,0.5936340
ss_280415,Tops,product_pattern,solid,0.4067842
ss_280415,Tops,neckline,halter_neck,0.3891074
ss_280415,Tops,product_color,yellow,0.2242297
ss_280415,Footwear,category,footwear,0.9533517
ss_280415,Footwear,product_color,silver,0.8726206
ss_280415,Footwear,heel_height,flat,0.8586236
ss_280415,Footwear,heel_type,other,0.7264543
ss_280415,Footwear,footwear,shoes,0.6200845
ss_280415,Footwear,toe_type,open_toe,0.5436000
ss_280415,Footwear,toe_shape,round,0.5016188
ss_280415,Footwear,shoes,flat_shoes,0.4581330
ss_280415,Footwear,product_pattern,other,0.4099373
ss_280415,Footwear,shoe_decoration,studded_decoration,0.3922320
ss_280415,Footwear,shoe_closure,slip_on,0.3425981
ss_280415,Footwear,shoe_type,boat_shoes,0.1656430
ss_285390,Outerwear,sleeve_length,long,0.9894277
ss_285390,Outerwear,category,apparel,0.9108354
ss_285390,Outerwear,product_pattern,solid,0.8448571
ss_285390,Outerwear,lower_body_length,full_length,0.7023591
ss_285390,Outerwear,sleeve_style,straight,0.4854591
ss_285390,Outerwear,apparel,full_body_garment,0.4276749
ss_285390,Outerwear,product_color,yellow,0.2480180
ss_285390,Outerwear,full_body_garment,jumpsuit,0.1883590
ss_285390,Outerwear,neckline,v_neck,0.1550966
ss_285390,Shorts,lower_body_length,thigh_length,0.9982717
ss_285390,Shorts,category,apparel,0.9840873
ss_285390,Shorts,shorts_type,denim_shorts,0.9352118
ss_285390,Shorts,product_pattern,solid,0.8524269
ss_285390,Shorts,apparel,lower_body_garment,0.8090819
ss_285390,Shorts,lower_body_garment,shorts,0.7517022
ss_285390,Shorts,product_color,blue,0.6936581
ss_285390,Shorts,rise_type,high_rise,0.4629676
ss_285390,Sunglasses,category,accessory,0.6670905
ss_285390,Sunglasses,accessory,eyewear,0.6320840
ss_285390,Footwear,category,footwear,0.9480211
ss_285390,Footwear,shoe_closure,lace,0.7990823
ss_285390,Footwear,footwear,sneakers,0.7770813
ss_285390,Footwear,sneakers,lifestyle_sneakers,0.4719216
ss_285390,Footwear,product_pattern,solid,0.4097429
ss_285390,Footwear,product_color,grey,0.2120733
ss_328943,Skirts,category,apparel,0.9946722
ss_328943,Skirts,apparel,lower_body_garment,0.9785343
ss_328943,Skirts,lower_body_garment,skirt,0.9568133
ss_328943,Skirts,lower_body_length,calf_length,0.9543692
ss_328943,Skirts,product_pattern,plaid,0.6158781
ss_328943,Skirts,dress_skirt_shape,pencil,0.3931726
ss_328943,Skirts,product_color,white,0.3675481
ss_328943,Outerwear,sleeve_length,long,0.9970457
ss_328943,Outerwear,closure_type,double_breasted,0.9894271
ss_328943,Outerwear,category,apparel,0.9469243
ss_328943,Outerwear,upper_body_length,thigh_length,0.9244812
ss_328943,Outerwear,neckline,crew_neck,0.7237960
ss_328943,Outerwear,apparel,outerwear,0.6356285
ss_328943,Outerwear,product_pattern,text,0.4029694
ss_328943,Outerwear,outerwear,jacket,0.3394007
ss_328943,Outerwear,product_color,grey,0.2408517
ss_328943,Outerwear,jacket_type,hooded_jacket,0.1635945
ss_328943,Footwear,toe_type,closed_toe,0.9983788
ss_328943,Footwear,category,footwear,0.9264144
ss_328943,Footwear,footwear,boots,0.9153966
ss_328943,Footwear,product_pattern,solid,0.8989906
ss_328943,Footwear,heel_type,other,0.7870824
ss_328943,Footwear,toe_shape,pointed,0.6941482
ss_328943,Footwear,boots,over_the_knee,0.4864784
ss_328943,Footwear,heel_height,flat,0.3867245
ss_328943,Footwear,product_color,black,0.1450542
ss_328943,Sunglasses,category,accessory,0.9490893
ss_328943,Sunglasses,accessory,eyewear,0.9449772
ss_328944,Skirts,category,apparel,0.9974464
ss_328944,Skirts,apparel,lower_body_garment,0.9855334
ss_328944,Skirts,lower_body_garment,skirt,0.9750752
ss_328944,Skirts,product_pattern,plaid,0.9445184
ss_328944,Skirts,lower_body_length,knee_length,0.9397877
ss_328944,Skirts,product_color,multi,0.7039117
ss_328944,Skirts,dress_skirt_shape,pencil,0.3356871
ss_328944,Outerwear,category,apparel,0.9921370
ss_328944,Outerwear,upper_body_length,crop,0.9638732
ss_328944,Outerwear,apparel,upper_body_garment,0.8873103
ss_328944,Outerwear,product_pattern,solid,0.8608944
ss_328944,Outerwear,sweater_style,plain,0.7576440
ss_328944,Outerwear,sleeve_style,straight,0.6768453
ss_328944,Outerwear,neckline,funnel_neck,0.5699373
ss_328944,Outerwear,product_color,white,0.5565267
ss_328944,Outerwear,sleeve_length,three_quarter,0.5355946
ss_328944,Outerwear,closure_type,pullover,0.4473197
ss_328944,Outerwear,upper_body_garment,sweater,0.3481152
ss_328944,Sunglasses,category,accessory,0.9834019
ss_328944,Sunglasses,accessory,eyewear,0.9820315
ss_328944,Footwear,toe_type,closed_toe,0.9999045
ss_328944,Footwear,product_pattern,solid,0.8841933
ss_328944,Footwear,category,footwear,0.8296214
ss_328944,Footwear,heel_type,other,0.8110732
ss_328944,Footwear,toe_shape,round,0.7735543
ss_328944,Footwear,shoe_closure,slip_on,0.6772672
ss_328944,Footwear,heel_height,flat,0.6206075
ss_328944,Footwear,footwear,shoes,0.4268002
ss_328944,Footwear,shoes,flat_shoes,0.3868075
ss_328944,Footwear,shoe_type,loafer_shoes,0.3483729
ss_328944,Footwear,product_color,beige,0.1629419
ss_280428,Skirts,lower_body_length,thigh_length,0.9990239
ss_280428,Skirts,category,apparel,0.9897640
ss_280428,Skirts,apparel,lower_body_garment,0.9430925
ss_280428,Skirts,lower_body_garment,skirt,0.9164835
ss_280428,Skirts,dress_skirt_shape,pencil,0.8716507
ss_280428,Skirts,product_pattern,plaid,0.6277522
ss_280428,Skirts,product_color,multi,0.6176567
ss_280428,Outerwear,category,apparel,0.9697451
ss_280428,Outerwear,apparel,outerwear,0.8774216
ss_280428,Outerwear,sleeve_length,three_quarter,0.7900446
ss_280428,Outerwear,ss_280428,Skirts,neckline,other,0.6164727
ss_280428,Outerwear,product_pattern,solid,0.5692767
ss_280428,Outerwear,product_color,grey,0.5434705
ss_280428,Outerwear,outerwear,vest_waistcoat,0.4774514
ss_280428,Outerwear,upper_body_length,thigh_length,0.3864120
ss_280428,Footwear,category,footwear,0.9788085
ss_280428,Footwear,heel_height,high,0.8641099
ss_280428,Footwear,product_color,black,0.7535538
ss_280428,Footwear,heel_type,stiletto_heels,0.6615980
ss_280428,Footwear,footwear,sandals,0.5641113
ss_280428,Footwear,sandals,heeled_sandals,0.5529757
ss_280428,Footwear,product_pattern,solid,0.4855062
ss_280428,Footwear,sandal_type,slingback_sandals,0.2482627
ss_267537,Skirts,category,apparel,0.9980363
ss_267537,Skirts,lower_body_length,thigh_length,0.9912184
ss_267537,Skirts,apparel,lower_body_garment,0.9770246
ss_267537,Skirts,lower_body_garment,skirt,0.9649542
ss_267537,Skirts,product_pattern,plaid,0.9614033
ss_267537,Skirts,dress_skirt_shape,pencil,0.6443473
ss_267537,Skirts,product_color,multi,0.5026995
ss_267537,Outerwear,upper_body_length,crop,0.9756659
ss_267537,Outerwear,category,apparel,0.9078614
ss_267537,Outerwear,sleeve_length,three_quarter,0.8214822
ss_267537,Outerwear,neckline,funnel_neck,0.7904930
ss_267537,Outerwear,apparel,upper_body_garment,0.6777417
ss_267537,Outerwear,product_pattern,solid,0.6162120
ss_267537,Outerwear,product_color,white,0.4450570
ss_267537,Outerwear,sleeve_style,straight,0.3377979
ss_267537,Outerwear,upper_body_garment,top,0.2419300
ss_267537,Footwear,category,footwear,0.9601082
ss_267537,Footwear,footwear,sneakers,0.7918475
ss_267537,Footwear,shoe_closure,lace,0.7808667
ss_267537,Footwear,product_pattern,solid,0.7807051
ss_267537,Footwear,sneakers,lifestyle_sneakers,0.4851000
ss_267537,Footwear,shoe_decoration,studded_decoration,0.4368233
ss_267537,Footwear,product_color,grey,0.2836888
ss_315999,Footwear,toe_type,closed_toe,0.9915643
ss_315999,Footwear,heel_type,other,0.7667843
ss_315999,Footwear,category,footwear,0.7111051
ss_315999,Footwear,footwear,boots,0.6797273
ss_315999,Footwear,product_color,silver,0.5252838
ss_315999,Footwear,toe_shape,pointed,0.4649693
ss_315999,Footwear,boots,mid_calf_boots,0.4272576
ss_315999,Footwear,shoe_decoration,fur_decoration,0.4263404
ss_315999,Footwear,heel_height,flat,0.4027016
ss_315999,Footwear,product_pattern,solid,0.2867422
ss_315999,Outerwear,sleeve_length,long,0.9943097
ss_315999,Outerwear,category,apparel,0.9234084
ss_315999,Outerwear,upper_body_length,thigh_length,0.6772227
ss_315999,Outerwear,product_color,white,0.6224315
ss_315999,Outerwear,sleeve_style,bishop_sleeve,0.5382308
ss_315999,Outerwear,closure_type,zip,0.5376027
ss_315999,Outerwear,neckline,bow,0.4637910
ss_315999,Outerwear,apparel,upper_body_garment,0.4069882
ss_315999,Outerwear,product_pattern,solid,0.3457147
ss_315999,Outerwear,upper_body_garment,blouse,0.2910322
ss_281220,Outerwear,sleeve_length,long,0.9995540
ss_281220,Outerwear,category,apparel,0.9982680
ss_281220,Outerwear,apparel,outerwear,0.9778242
ss_281220,Outerwear,upper_body_length,crop,0.8847945
ss_281220,Outerwear,outerwear,jacket,0.8677597
ss_281220,Outerwear,jacket_type,leather_jacket,0.8488134
ss_281220,Outerwear,neckline,crew_neck,0.8332768
ss_281220,Outerwear,closure_type,zip,0.6267116
ss_281220,Outerwear,product_color,blue,0.5476637
ss_281220,Outerwear,product_pattern,solid,0.4143415
ss_281220,Skirts,lower_body_length,thigh_length,0.9932213
ss_281220,Skirts,category,apparel,0.9733945
ss_281220,Skirts,product_pattern,plaid,0.8866718
ss_281220,Skirts,apparel,lower_body_garment,0.8331525
ss_281220,Skirts,lower_body_garment,skirt,0.8116764
ss_281220,Skirts,product_color,multi,0.6145349
ss_281220,Skirts,dress_skirt_shape,a_line,0.3565146
ss_281220,Footwear,toe_type,closed_toe,0.9996583
ss_281220,Footwear,shoe_type,ballerinas,0.8265679
ss_281220,Footwear,category,footwear,0.8216954
ss_281220,Footwear,heel_type,other,0.7809507
ss_281220,Footwear,footwear,shoes,0.7588843
ss_281220,Footwear,shoe_closure,slip_on,0.5685742
ss_281220,Footwear,shoes,flat_shoes,0.5669770
ss_281220,Footwear,heel_height,flat,0.5358868
ss_281220,Footwear,shoe_decoration,metal_decoration,0.4578900
ss_281220,Footwear,product_pattern,solid,0.4414976
ss_281220,Footwear,toe_shape,square,0.4325624
ss_281220,Footwear,product_color,black,0.4167666
ss_304518,Outerwear,sleeve_length,long,0.9973333
ss_304518,Outerwear,category,apparel,0.9958957
ss_304518,Outerwear,closure_type,button,0.9681603
ss_304518,Outerwear,neckline,v_neck,0.8830050
ss_304518,Outerwear,apparel,outerwear,0.7853775
ss_304518,Outerwear,outerwear,cardigan,0.7687331
ss_304518,Outerwear,upper_body_length,crop,0.7394053
ss_304518,Outerwear,product_color,multi,0.6178840
ss_304518,Outerwear,product_pattern,plaid,0.5442892
ss_304518,Skirts,lower_body_length,thigh_length,0.9989522
ss_304518,Skirts,category,apparel,0.9923434
ss_304518,Skirts,product_pattern,plaid,0.9894965
ss_304518,Skirts,apparel,lower_body_garment,0.9579977
ss_304518,Skirts,lower_body_garment,skirt,0.9471797
ss_304518,Skirts,dress_skirt_shape,pencil,0.9126540
ss_304518,Skirts,product_color,multi,0.7739245
ss_317948,Outerwear,category,apparel,0.9794510
ss_317948,Outerwear,product_pattern,big_graphic,0.9376413
ss_317948,Outerwear,apparel,innerwear_nightwear,0.7180725
ss_317948,Outerwear,product_color,black,0.7140952
ss_327171,Tops,upper_body_length,crop,0.9808937
ss_327171,Tops,category,apparel,0.9466301
ss_327171,Tops,sleeve_length,short,0.9219303
ss_327171,Tops,product_pattern,big_graphic,0.8654181
ss_327171,Tops,closure_type,pullover,0.8093348
ss_327171,Tops,apparel,upper_body_garment,0.7005866
ss_327171,Tops,product_color,multi,0.5786409
ss_327171,Tops,upper_body_garment,top,0.4836733
ss_327171,Tops,neckline,crew_neck,0.4665255
ss_327171,Tops,sleeve_style,straight,0.3685657
ss_327171,Jeans,lower_body_length,full_length,0.9995601
ss_327171,Jeans,category,apparel,0.9885925
ss_327171,Jeans,product_color,silver,0.9748780
ss_327171,Jeans,apparel,lower_body_garment,0.9569784
ss_327171,Jeans,pants_fit_type,straight_loose,0.8877866
ss_327171,Jeans,product_pattern,other,0.8757838
ss_327171,Jeans,denim_wash_color,light,0.8527360
ss_327171,Jeans,lower_body_garment,jeans,0.5513582
ss_327171,Jeans,rise_type,mid_rise,0.4200742
ss_293266,Shirts,sleeve_length,short,0.9994130
ss_293266,Shirts,closure_type,pullover,0.9889133
ss_293266,Shirts,category,apparel,0.9821365
ss_293266,Shirts,sleeve_style,straight,0.9816327
ss_293266,Shirts,product_pattern,big_graphic,0.9756148
ss_293266,Shirts,apparel,upper_body_garment,0.9675173
ss_293266,Shirts,upper_body_garment,t_shirt,0.9122123
ss_293266,Shirts,product_color,black,0.7839269
ss_293266,Shirts,neckline,round_neck,0.6509464
ss_293266,Shirts,upper_body_length,regular,0.5206218
ss_293266,Jeans,lower_body_length,thigh_length,0.9996341
ss_293266,Jeans,category,apparel,0.9214684
ss_293266,Jeans,apparel,lower_body_garment,0.6039824
ss_293266,Jeans,pants_fit_type,wide_leg,0.4386714
ss_293266,Jeans,product_pattern,solid,0.4252442
ss_293266,Jeans,product_color,white,0.3427435
ss_293266,Jeans,lower_body_garment,pants,0.3135139
ss_293266,Jeans,pants_type,straight_leg_pants,0.1577061
ss_293266,Sunglasses,category,accessory,0.9853337
ss_293266,Sunglasses,accessory,eyewear,0.9839339
ss_283035,Shorts,category,apparel,0.9884017
ss_283035,Shorts,sleeve_length,short,0.9747432
ss_283035,Shorts,sleeve_style,straight,0.9715014
ss_283035,Shorts,closure_type,pullover,0.9203098
ss_283035,Shorts,product_pattern,big_graphic,0.9045475
ss_283035,Shorts,apparel,upper_body_garment,0.8483638
ss_283035,Shorts,upper_body_length,regular,0.8448997
ss_283035,Shorts,upper_body_garment,t_shirt,0.8099548
ss_283035,Shorts,neckline,crew_neck,0.7810757
ss_283035,Shorts,product_color,green,0.5190732
ss_283035,Skirts,lower_body_length,thigh_length,0.9999808
ss_283035,Skirts,category,apparel,0.9958272
ss_283035,Skirts,product_pattern,animal_print,0.9844140
ss_283035,Skirts,apparel,lower_body_garment,0.9685023
ss_283035,Skirts,lower_body_garment,skirt,0.9081143
ss_283035,Skirts,product_color,multi,0.7516472
ss_283035,Skirts,dress_skirt_shape,pencil,0.4323170
ss_260344,Skirts,category,apparel,0.9949915
ss_260344,Skirts,apparel,lower_body_garment,0.9563404
ss_260344,Skirts,dress_skirt_shape,pencil,0.9503639
ss_260344,Skirts,lower_body_garment,skirt,0.9439298
ss_260344,Skirts,product_color,red,0.9001915
ss_260344,Skirts,lower_body_length,knee_length,0.8196567
ss_260344,Skirts,product_pattern,solid,0.7282895
ss_260344,Shorts,sleeve_length,short,0.9999770
ss_260344,Shorts,category,apparel,0.9228942
ss_260344,Shorts,closure_type,pullover,0.8999123
ss_260344,Shorts,product_pattern,big_graphic,0.7948741
ss_260344,Shorts,apparel,upper_body_garment,0.7805302
ss_260344,Shorts,neckline,crew_neck,0.7572111
ss_260344,Shorts,upper_body_length,crop,0.7437549
ss_260344,Shorts,upper_body_garment,t_shirt,0.6547216
ss_260344,Shorts,sleeve_style,puff_sleeve,0.6091756
ss_260344,Shorts,product_color,red,0.1832526
ss_260344,Footwear,category,footwear,0.7836065
ss_260344,Footwear,shoe_closure,lace,0.6057788
ss_260344,Footwear,footwear,sneakers,0.4239525
ss_260344,Footwear,shoe_decoration,studded_decoration,0.3220195
ss_260344,Footwear,sneakers,lifestyle_sneakers,0.3096823
ss_260344,Footwear,product_pattern,solid,0.2911008
ss_260344,Footwear,product_color,black,0.2669069
ss_294426,Tops,sleeve_length,short,0.9991983
ss_294426,Tops,category,apparel,0.9882507
ss_294426,Tops,apparel,upper_body_garment,0.9389347
ss_294426,Tops,upper_body_length,crop,0.9102714
ss_294426,Tops,sleeve_style,straight,0.9032186
ss_294426,Tops,product_pattern,big_graphic,0.8620957
ss_294426,Tops,closure_type,pullover,0.7830343
ss_294426,Tops,upper_body_garment,top,0.6739170
ss_294426,Tops,product_color,black,0.4988080
ss_294426,Tops,neckline,off_shoulder,0.4673926
ss_294426,Skirts,lower_body_length,thigh_length,0.9997795
ss_294426,Skirts,category,apparel,0.9886657
ss_294426,Skirts,apparel,lower_body_garment,0.9231607
ss_294426,Skirts,lower_body_garment,skirt,0.8839881
ss_294426,Skirts,dress_skirt_shape,pencil,0.8546763
ss_294426,Skirts,product_color,multi,0.8205755
ss_294426,Skirts,product_pattern,plaid,0.4630051
ss_294426,Bags,category,bag,0.8590682
ss_294426,Bags,bag,shoulder_bag_totes,0.8485475
ss_294426,Bags,roduct_pattern,other,0.8315578
ss_294426,Bags,product_color,multi,0.7313750
ss_294426,Bags,shoulder_bag_totes,bucket_bag,0.3156253
ss_283815,Shirts,sleeve_length,short,0.9999975
ss_283815,Shirts,upper_body_length,crop,0.9971929
ss_283815,Shirts,category,apparel,0.9940664
ss_283815,Shirts,closure_type,zip,0.9815240
ss_283815,Shirts,apparel,upper_body_garment,0.9615492
ss_283815,Shirts,sleeve_style,straight,0.8874584
ss_283815,Shirts,product_color,blue,0.7401643
ss_283815,Shirts,upper_body_garment,t_shirt,0.7045103
ss_283815,Shirts,neckline,round_neck,0.4610179
ss_283815,Shirts,product_pattern,big_graphic,0.4532819
ss_283815,Bags,category,bag,0.9957034
ss_283815,Bags,bag,clutch_wallet,0.9337643
ss_283815,Bags,clutch_wallet,clutch_purse,0.7646981
ss_283815,Bags,product_color,multi,0.5565921
ss_283815,Bags,product_pattern,solid,0.3999981
ss_296797,Outerwear,upper_body_length,regular,0.9997066
ss_296797,Outerwear,category,apparel,0.9991905
ss_296797,Outerwear,closure_type,pullover,0.9987190
ss_296797,Outerwear,sleeve_length,long,0.9901809
ss_296797,Outerwear,apparel,upper_body_garment,0.9809675
ss_296797,Outerwear,upper_body_garment,sweatshirt_hoodies,0.9685115
ss_296797,Outerwear,sleeve_style,raglan_sleeve,0.7616844
ss_296797,Outerwear,product_color,pink,0.7466938
ss_296797,Outerwear,product_pattern,solid,0.6056120
ss_296797,Outerwear,neckline,hooded,0.4120052
ss_296797,Jeans,category,apparel,0.9992130
ss_296797,Jeans,lower_body_length,full_length,0.9959071
ss_296797,Jeans,apparel,lower_body_garment,0.9946290
ss_296797,Jeans,lower_body_garment,jeans,0.9816995
ss_296797,Jeans,pants_fit_type,straight_loose,0.7863046
ss_296797,Jeans,product_pattern,solid,0.7671825
ss_296797,Jeans,denim_wash_color,light,0.5820995
ss_296797,Jeans,product_color,blue,0.4159076
ss_296797,Footwear,category,footwear,0.9509410
ss_296797,Footwear,shoe_closure,lace,0.9002491
ss_296797,Footwear,footwear,sneakers,0.8241730
ss_296797,Footwear,sneakers,lifestyle_sneakers,0.7783182
ss_296797,Footwear,product_color,silver,0.7511002
ss_296797,Footwear,product_pattern,other,0.3643144
ss_270804,Outerwear,category,apparel,0.9993587
ss_270804,Outerwear,closure_type,zip,0.9989291
ss_270804,Outerwear,sleeve_length,long,0.9989017
ss_270804,Outerwear,product_color,pink,0.9895318
ss_270804,Outerwear,apparel,outerwear,0.9726668
ss_270804,Outerwear,outerwear,jacket,0.9664145
ss_270804,Outerwear,jacket_type,bomber,0.7483997
ss_270804,Outerwear,product_pattern,solid,0.7074091
ss_270804,Outerwear,upper_body_length,regular,0.5719527
ss_270804,Outerwear,neckline,ribbed_collar,0.4265907
ss_270804,Pants,lower_body_length,full_length,0.9995307
ss_270804,Pants,category,apparel,0.9936343
ss_270804,Pants,apparel,lower_body_garment,0.9619575
ss_270804,Pants,pants_fit_type,straight_loose,0.8002366
ss_270804,Pants,product_pattern,solid,0.4680193
ss_270804,Pants,lower_body_garment,pants,0.3911697
ss_270804,Pants,product_color,white,0.3547347
ss_270804,Pants,pants_type,straight_leg_pants,0.1920286
ss_270804,Footwear,product_pattern,solid,0.7843319
ss_270804,Footwear,category,footwear,0.7309070
ss_270804,Footwear,shoe_closure,slip_on,0.5019529
ss_270804,Footwear,footwear,sneakers,0.3623897
ss_270804,Footwear,sneakers,lifestyle_sneakers,0.2852690
ss_270804,Footwear,product_color,black,0.2326630
ss_266145,Outerwear,closure_type,pullover,0.9991518
ss_266145,Outerwear,category,apparel,0.9847982
ss_266145,Outerwear,apparel,upper_body_garment,0.8514269
ss_266145,Outerwear,product_color,pink,0.8424348
ss_266145,Outerwear,upper_body_length,thigh_length,0.8118395
ss_266145,Outerwear,sleeve_length,long,0.7832978
ss_266145,Outerwear,neckline,hooded,0.7676460
ss_266145,Outerwear,upper_body_garment,sweatshirt_hoodies,0.7389109
ss_266145,Outerwear,product_pattern,solid,0.6140347
ss_266145,Outerwear,sleeve_style,other,0.5868775
ss_266145,Footwear,category,footwear,0.9904138
ss_266145,Footwear,shoe_closure,slip_on,0.9197816
ss_266145,Footwear,footwear,sneakers,0.7979801
ss_266145,Footwear,shoe_decoration,metal_decoration,0.6631770
ss_266145,Footwear,sneakers,performance_sneakers,0.4313698
ss_266145,Footwear,product_pattern,solid,0.3848734
ss_266145,Footwear,product_color,white,0.3569733
ss_305293,Jeans,pants_fit_type,skinny,0.9998770
ss_305293,Jeans,lower_body_length,full_length,0.9508519
ss_305293,Jeans,category,apparel,0.9385270
ss_305293,Jeans,product_pattern,solid,0.8901293
ss_305293,Jeans,apparel,lower_body_garment,0.8344955
ss_305293,Jeans,denim_wash_color,dark,0.6128753
ss_305293,Jeans,lower_body_garment,jeans,0.3829436
ss_305293,Jeans,product_color,red,0.2969918
ss_305293,Outerwear,sleeve_length,long,0.9999862
ss_305293,Outerwear,upper_body_length,regular,0.9996759
ss_305293,Outerwear,category,apparel,0.9976807
ss_305293,Outerwear,closure_type,pullover,0.9794425
ss_305293,Outerwear,upper_body_garment,sweatshirt_hoodies,0.9177071
ss_305293,Outerwear,sleeve_style,bishop_sleeve,0.9031988
ss_305293,Outerwear,product_color,red,0.8916067
ss_305293,Outerwear,neckline,hooded,0.6271073
ss_305293,Outerwear,product_pattern,text,0.4626470
ss_305293,Footwear,category,footwear,0.9754995
ss_305293,Footwear,footwear,sneakers,0.8692708
ss_305293,Footwear,shoe_closure,lace,0.6551935
ss_305293,Footwear,sneakers,lifestyle_sneakers,0.4784218
ss_305293,Footwear,product_color,blue,0.3784292
ss_305293,Footwear,product_pattern,solid,0.3688155
ss_273020,Outerwear,category,apparel,0.9977301
ss_273020,Outerwear,closure_type,pullover,0.9953179
ss_273020,Outerwear,sleeve_length,long,0.9945485
ss_273020,Outerwear,product_pattern,text,0.9559996
ss_273020,Outerwear,apparel,upper_body_garment,0.9432802
ss_273020,Outerwear,neckline,hooded,0.9186218
ss_273020,Outerwear,upper_body_garment,sweatshirt_hoodies,0.9148795
ss_273020,Outerwear,upper_body_length,regular,0.8430577
ss_273020,Outerwear,sleeve_style,straight,0.7328063
ss_273020,Outerwear,product_color,red,0.4871435
ss_273020,Outerwear,category,apparel,0.9738865
ss_273020,Outerwear,lower_body_length,full_length,0.7740843
ss_273020,Outerwear,product_pattern,solid,0.7338753
ss_273020,Outerwear,product_color,grey,0.5637197
ss_273020,Outerwear,apparel,full_body_garment,0.5235084
ss_273020,Outerwear,neckline,hooded,0.4942831
ss_273020,Outerwear,full_body_garment,dungaree,0.4537753
ss_273020,Accessory,category,accessory,0.9845100
ss_273020,Accessory,accessory,hat,0.9824360
ss_273020,Accessory,product_color,grey,0.5668741
ss_273020,Accessory,product_pattern,solid,0.5174076
ss_273020,Footwear,product_color,white,0.8424185
ss_273020,Footwear,shoe_closure,lace,0.7352672
ss_273020,Footwear,product_pattern,solid,0.6527137
ss_273020,Footwear,category,footwear,0.6125185
ss_273020,Footwear,footwear,sneakers,0.3827307
ss_273020,Footwear,sneakers,lifestyle_sneakers,0.2714102
ss_316782,Shorts,lower_body_length,thigh_length,0.9979724
ss_316782,Shorts,category,apparel,0.9977071
ss_316782,Shorts,apparel,lower_body_garment,0.9915190
ss_316782,Shorts,lower_body_garment,shorts,0.9647862
ss_316782,Shorts,product_pattern,solid,0.5646625
ss_316782,Shorts,shorts_type,denim_shorts,0.4714392
ss_316782,Shorts,rise_type,mid_rise,0.3388874
ss_316782,Shorts,product_color,red,0.1925492
ss_316782,Outerwear,sleeve_length,long,0.9701374
ss_316782,Outerwear,category,apparel,0.9660888
ss_316782,Outerwear,neckline,hooded,0.8761755
ss_316782,Outerwear,upper_body_length,regular,0.7119364
ss_316782,Outerwear,product_pattern,solid,0.5945844
ss_316782,Outerwear,product_color,pink,0.3821518
ss_316782,Outerwear,closure_type,zip,0.3785417
ss_316782,Outerwear,apparel,outerwear,0.2901935
ss_316782,Outerwear,outerwear,cardigan,0.1828801
ss_316782,Footwear,toe_type,closed_toe,0.9873569
ss_316782,Footwear,category,footwear,0.9246554
ss_316782,Footwear,product_pattern,solid,0.7113735
ss_316782,Footwear,footwear,boots,0.6233829
ss_316782,Footwear,boots,ankle_boots,0.6000574
ss_316782,Footwear,toe_shape,round,0.5099716
ss_316782,Footwear,heel_type,other,0.4827440
ss_316782,Footwear,heel_height,flat,0.4272940
ss_316782,Footwear,product_color,blue,0.3224270
ss_291514,Leggings,lower_body_length,full_length,0.9964204
ss_291514,Leggings,category,apparel,0.9862360
ss_291514,Leggings,apparel,lower_body_garment,0.9463296
ss_291514,Leggings,lower_body_garment,leggings,0.5016463
ss_291514,Leggings,product_color,blue,0.3958784
ss_291514,Leggings,product_pattern,other,0.3412764
ss_291514,Leggings,rise_type,high_rise,0.2965222
ss_291514,Outerwear,category,apparel,0.9698911
ss_291514,Outerwear,upper_body_length,crop,0.9323094
ss_291514,Outerwear,product_pattern,text,0.8886900
ss_291514,Outerwear,sleeve_length,long,0.8373723
ss_291514,Outerwear,sleeve_style,straight,0.7933053
ss_291514,Outerwear,product_color,red,0.7803861
ss_291514,Outerwear,apparel,upper_body_garment,0.7099353
ss_291514,Outerwear,closure_type,pullover,0.6525365
ss_291514,Outerwear,neckline,hooded,0.3941205
ss_291514,Outerwear,upper_body_garment,sweatshirt_hoodies,0.3701605
ss_291514,Footwear,category,footwear,0.9703678
ss_291514,Footwear,footwear,sneakers,0.9341806
ss_291514,Footwear,product_color,red,0.9114975
ss_291514,Footwear,shoe_closure,lace,0.8760387
ss_291514,Footwear,sneakers,performance_sneakers,0.6893068
ss_291514,Footwear,product_pattern,solid,0.2580927
ss_304379,Dress,sleeve_length,sleeveless,0.9999014
ss_304379,Dress,lower_body_length,thigh_length,0.9997599
ss_304379,Dress,category,apparel,0.9982517
ss_304379,Dress,apparel,full_body_garment,0.9789506
ss_304379,Dress,full_body_garment,dress,0.9674143
ss_304379,Dress,product_color,silver,0.9548691
ss_304379,Dress,dress_type,cocktail_dress,0.8639991
ss_304379,Dress,neckline,round_neck,0.6264871
ss_304379,Dress,dress_skirt_shape,pencil,0.4925418
ss_304379,Dress,product_pattern,solid,0.4362555
ss_304379,Bags,category,bag,0.9863234
ss_304379,Bags,bag,clutch_wallet,0.9531677
ss_304379,Bags,product_pattern,solid,0.7722589
ss_304379,Bags,clutch_wallet,clutch_purse,0.7522560
ss_304379,Bags,product_color,grey,0.5811616
ss_304379,Footwear,category,footwear,0.6725987
ss_304379,Footwear,heel_type,other,0.5807726
ss_304379,Footwear,heel_height,flat,0.5427110
ss_304379,Footwear,product_color,beige,0.4926205
ss_304379,Footwear,footwear,sandals,0.4159914
ss_304379,Footwear,product_pattern,solid,0.3687216
ss_304379,Footwear,sandal_type,slingback_sandals,0.2613933
ss_304379,Footwear,sandals,flat_sandals,0.1953752
ss_304379,Footwear,shoe_decoration,pearl_decoration,0.1257562
ss_304400,Dress,sleeve_length,sleeveless,0.9999938
ss_304400,Dress,category,apparel,0.9990195
ss_304400,Dress,lower_body_length,thigh_length,0.9964521
ss_304400,Dress,apparel,full_body_garment,0.9881569
ss_304400,Dress,full_body_garment,dress,0.9775482
ss_304400,Dress,dress_type,cocktail_dress,0.9339250
ss_304400,Dress,sleeve_style,shoulder_strap,0.9318135
ss_304400,Dress,product_color,beige,0.6582208
ss_304400,Dress,dress_skirt_shape,a_line,0.4301818
ss_304400,Dress,product_pattern,floral,0.3475152
ss_304400,Dress,neckline,v_neck,0.2602190
ss_304400,Bags,category,bag,0.9975839
ss_304400,Bags,bag,clutch_wallet,0.9801147
ss_304400,Bags,product_pattern,floral,0.9519767
ss_304400,Bags,clutch_wallet,clutch_purse,0.9316843
ss_304400,Bags,product_color,multi,0.6093661
ss_304400,Footwear,category,footwear,0.9955249
ss_304400,Footwear,heel_type,chunky,0.9696507
ss_304400,Footwear,footwear,sandals,0.9404751
ss_304400,Footwear,sandals,heeled_sandals,0.9201564
ss_304400,Footwear,heel_height,mid,0.7965808
ss_304400,Footwear,product_pattern,solid,0.6354050
ss_304400,Footwear,shoe_decoration,ruffle_decoration,0.4775629
ss_304400,Footwear,product_color,pink,0.4406861
ss_304400,Footwear,sandal_type,ankle_strap_sandals,0.2606739
ss_288077,Dress,sleeve_length,sleeveless,0.9999285
ss_288077,Dress,lower_body_length,thigh_length,0.9935913
ss_288077,Dress,category,apparel,0.9907829
ss_288077,Dress,product_color,silver,0.9450728
ss_288077,Dress,apparel,full_body_garment,0.8911939
ss_288077,Dress,dress_type,mini_dress,0.8318316
ss_288077,Dress,full_body_garment,dress,0.8041175
ss_288077,Dress,neckline,round_neck,0.6669716
ss_288077,Dress,dress_skirt_shape,pencil,0.5340456
ss_288077,Dress,product_pattern,other,0.2920991
ss_288077,Footwear,category,footwear,0.9677767
ss_288077,Footwear,footwear,sandals,0.9403242
ss_288077,Footwear,sandals,heeled_sandals,0.7133985
ss_288077,Footwear,sandal_type,mule_sandals,0.5631315
ss_288077,Footwear,product_pattern,ombre,0.4175606
ss_288077,Footwear,heel_type,wedge,0.4164232
ss_288077,Footwear,heel_height,mid,0.3098989
ss_288077,Footwear,product_color,black,0.2036482
ss_304377,Dress,sleeve_length,sleeveless,0.9998966
ss_304377,Dress,category,apparel,0.9988027
ss_304377,Dress,lower_body_length,knee_length,0.9943528
ss_304377,Dress,apparel,full_body_garment,0.9846054
ss_304377,Dress,full_body_garment,dress,0.9786536
ss_304377,Dress,dress_type,cocktail_dress,0.8379689
ss_304377,Dress,product_color,white,0.7911609
ss_304377,Dress,dress_skirt_shape,pencil,0.7820660
ss_304377,Dress,neckline,round_neck,0.6252519
ss_304377,Dress,product_pattern,lace,0.5435334
ss_304377,Footwear,category,footwear,0.9753097
ss_304377,Footwear,footwear,sandals,0.9500993
ss_304377,Footwear,product_color,multi,0.6591031
ss_304377,Footwear,product_pattern,solid,0.6477640
ss_304377,Footwear,heel_type,other,0.6299279
ss_304377,Footwear,sandals,flat_sandals,0.4835869
ss_304377,Footwear,heel_height,flat,0.4824468
ss_304377,Footwear,sandal_type,other,0.3134799
ss_304377,Footwear,shoe_decoration,flower_decoration,0.1697090
ss_298109,Outerwear,category,apparel,0.9815192
ss_298109,Outerwear,product_pattern,plaid,0.4047069
ss_298109,Outerwear,apparel,innerwear_nightwear,0.3878115
ss_298109,Outerwear,innerwear_nightwear,pajamas,0.3706183
ss_298109,Outerwear,product_color,blue,0.2449690
ss_298109,Footwear,shoe_closure,lace,0.9371091
ss_298109,Footwear,product_color,white,0.8510068
ss_298109,Footwear,category,footwear,0.8496356
ss_298109,Footwear,footwear,sneakers,0.5059724
ss_298109,Footwear,sneakers,lifestyle_sneakers,0.4355124
ss_298109,Footwear,product_pattern,solid,0.4104396
ss_271356,Dress,sleeve_length,sleeveless,0.9999281
ss_271356,Dress,lower_body_length,thigh_length,0.9995449
ss_271356,Dress,category,apparel,0.9762567
ss_271356,Dress,product_pattern,solid,0.9256815
ss_271356,Dress,product_color,white,0.9029999
ss_271356,Dress,apparel,full_body_garment,0.7857127
ss_271356,Dress,full_body_garment,dress,0.7565616
ss_271356,Dress,dress_type,mini_dress,0.7074603
ss_271356,Dress,neckline,zip_neck,0.4721600
ss_271356,Dress,dress_skirt_shape,pencil,0.3184757
ss_271356,Footwear,category,footwear,0.9978435
ss_271356,Footwear,footwear,sandals,0.9961413
ss_271356,Footwear,sandals,flat_sandals,0.8917273
ss_271356,Footwear,product_pattern,solid,0.7517873
ss_271356,Footwear,heel_height,flat,0.5820693
ss_271356,Footwear,sandal_type,ankle_strap_sandals,0.5527694
ss_271356,Footwear,heel_type,other,0.4724993
ss_271356,Footwear,product_color,beige,0.4133950
ss_266404,Dress,lower_body_length,calf_length,0.9968156
ss_266404,Dress,sleeve_length,sleeveless,0.9816293
ss_266404,Dress,category,apparel,0.9732452
ss_266404,Dress,dress_type,bodycon_dress,0.9050827
ss_266404,Dress,dress_skirt_shape,pencil,0.8995896
ss_266404,Dress,product_color,silver,0.8903108
ss_266404,Dress,apparel,full_body_garment,0.6714280
ss_266404,Dress,full_body_garment,dress,0.6456008
ss_266404,Dress,neckline,round_neck,0.4528081
ss_266404,Dress,product_pattern,stripes,0.3623687
ss_266404,Dress,sleeve_style,shoulder_strap,0.3588932
ss_266404,Sunglasses,category,accessory,0.9383396
ss_266404,Sunglasses,accessory,eyewear,0.9308832
ss_266404,Footwear,toe_type,closed_toe,0.9930252
ss_266404,Footwear,category,footwear,0.9881570
ss_266404,Footwear,heel_height,flat,0.9065914
ss_266404,Footwear,heel_type,other,0.8724736
ss_266404,Footwear,toe_shape,round,0.7053435
ss_266404,Footwear,product_pattern,solid,0.7033290
ss_266404,Footwear,footwear,shoes,0.5174801
ss_266404,Footwear,shoes,flat_shoes,0.4626372
ss_266404,Footwear,shoe_closure,lace,0.3316990
ss_266404,Footwear,product_color,black,0.2186967
ss_266404,Footwear,shoe_type,oxford_shoes,0.2145539